patch_id,objective,files_changed,status,verification_note
001,Docker environment setup,"docker-compose.yml docker/php/Dockerfile docker/nginx/default.conf docker/php/php.ini .env.docker .dockerignore",done,All Docker config files created - PHP 8.2 FPM + Nginx + MySQL 8.0 + Node 20 + phpMyAdmin
002,Laravel project creation,entire Laravel scaffold,done,Laravel 12.53.0 verified via php artisan --version
003,Tailwind CSS + Alpine.js + Vite config,"resources/css/app.css resources/js/app.js",done,npm run build success - CSS 34KB + JS 83KB compiled
004,Base layout + view structure,"layouts/app.blade.php pages/home.blade.php components/*.blade.php sections/*.blade.php routes/web.php",done,view:cache success + route verified
005,Navbar component,components/navbar.blade.php,done,Responsive navbar with Alpine.js mobile menu + scroll effect - view:cache success
006,Hero section,sections/hero.blade.php,done,Hero with gradient bg + heading + CTAs + trust badges - view:cache success
007,Services section,sections/services.blade.php,done,6 service cards with SVG icons adapted for web dev agency - view:cache success
008,Why Choose Us section,sections/why-choose-us.blade.php,done,5 feature cards (3+2 layout) with visual elements - view:cache success
009,Stats section,sections/stats.blade.php,done,Animated counters with Alpine.js x-intersect + curved gradient bg - view:cache success
010,Testimonials section,sections/testimonials.blade.php,done,2-row horizontal scrollable testimonial cards - view:cache success
011,FAQ section,sections/faq.blade.php,done,5 FAQ accordion items with Alpine.js transitions - view:cache success
012,CTA + Footer,"sections/cta.blade.php components/footer.blade.php",done,CTA with network illustration + footer with social links and nav columns - view:cache success
013,Final build + verify,"resources/js/app.js resources/css/app.css",done,Alpine intersect plugin added + scrollbar-hide + x-cloak + build success (CSS 71KB JS 84KB) + all views cached
014,Stats animated SVG curve,"resources/css/app.css sections/stats.blade.php",done,3 SVG curves with draw-in + glow pulse animation via CSS keyframes + Alpine x-intersect trigger - build success
015,Fix curve direction + shape + glow,sections/stats.blade.php,done,Curves now arc DOWNWARD (Q y>endpoints) + narrower container (110% w 50% h) + SVG feGaussianBlur for smooth glow - view:cache + build success
016,Scroll reveal animations,"resources/css/app.css sections/hero.blade.php sections/services.blade.php sections/why-choose-us.blade.php sections/stats.blade.php sections/testimonials.blade.php sections/faq.blade.php sections/cta.blade.php",done,CSS reveal-base/reveal-visible classes + Alpine x-intersect.once on all 7 sections with staggered child delays - view:cache + build success (CSS 72KB JS 84KB)
017,UI QA - spacing + hero FOUC fix,"resources/css/app.css sections/hero.blade.php sections/services.blade.php sections/why-choose-us.blade.php sections/stats.blade.php sections/testimonials.blade.php sections/faq.blade.php sections/cta.blade.php",done,"7 fixes: (1) section padding py-24/py-32→py-16/py-20 (2) header mb-16→mb-12 (3) services CTA mt-16→mt-12 (4) stats grid mt-16→mt-12 (5) hero trust mt-20/mt-28→mt-16/mt-20 (6) hero Alpine reveal→CSS keyframe animation (no FOUC) (7) stats overlay h-32→h-20 - view:cache + build success (CSS 73KB JS 84KB)"
018,Comprehensive mobile + UX QA,"resources/css/app.css pages/home.blade.php sections/services.blade.php sections/why-choose-us.blade.php sections/stats.blade.php sections/testimonials.blade.php sections/hero.blade.php sections/cta.blade.php components/navbar.blade.php components/footer.blade.php layouts/app.blade.php",done,"10 fixes: (1) services grid sm:grid-cols-2 + smaller padding (2) deterministic bar chart (3) prefers-reduced-motion (4) testimonial scroll fade hints (5) stats always 3-col + responsive text (6) touch-card/touch-btn active states (7) OG + theme-color meta tags (8) footer py-10/py-16 (9) section-divider gradient lines (10) responsive text sizes - view:cache + build success (CSS 74KB JS 84KB)"
019,Hero messaging rewrite,sections/hero.blade.php,done,"Benefit-driven heading 'Kami Bangun Website yang Menghasilkan' + green pulsing availability badge + specific subtitle (mendatangkan pelanggan) + Konsultasi Gratis CTA with arrow icon + social proof metrics (150+ projects 98% satisfaction <1hr response) - view:cache + build success (CSS 75KB JS 84KB)"
020,CTA hierarchy + glow dominance,"sections/hero.blade.php sections/cta.blade.php sections/services.blade.php components/navbar.blade.php",done,"4 files: (1) hero primary→bg-brand-500 + shadow-brand-500/25 + hover:scale-[1.03] + glow, secondary→outline border-white/15 (2) CTA section same hierarchy (3) services CTA→brand-tinted outline text-brand-300 border-brand-500/30 (4) navbar CTA→bg-brand-500 solid + shadow-md - view:cache + build success (CSS 76KB JS 84KB)"
021,Visual depth layering,"resources/css/app.css sections/services.blade.php sections/why-choose-us.blade.php sections/cta.blade.php",done,"3 depth layers: (1) body::after noise texture SVG feTurbulence 2.5% opacity fixed overlay (2) section-glow CSS classes with 600px blurred brand radial (3) applied glow-tr to services, glow-cl to why-choose-us, glow-bc to CTA section + overflow-hidden - view:cache + build success (CSS 77KB JS 84KB)"
022,Conversion magnet section,"sections/conversion.blade.php pages/home.blade.php",done,"New dedicated lead magnet section: (1) 'Konsultasi Gratis 30 Menit' heading with brand gradient (2) 3-step process cards (Hubungi→Diskusi→Proposal) (3) primary CTA with arrow + brand glow (4) trust guarantees (100% Gratis + Data Aman + Respons <1 Jam) (5) inserted between FAQ and CTA in home.blade.php - view:cache + build success (CSS 77KB JS 84KB)"
023,Card layout variation,"sections/services.blade.php sections/why-choose-us.blade.php",done,"Visual differentiation: (1) services cards +hover:shadow-lg hover:shadow-brand-500/5 brand glow on hover (2) why-choose-us cards bg-surface→bg-gradient-to-br from-surface to-dark-900 + border-surface-border/50→hover:border-surface-border — breaks visual monotony between sections - view:cache + build success (CSS 79KB JS 84KB)"
024,Testimonial auto-scroll marquee,"resources/css/app.css sections/testimonials.blade.php",done,"CSS-only infinite marquee: (1) @keyframes marquee + marquee-reverse in app.css (2) .marquee-track + .marquee-track-reverse classes (3) pause on hover via marquee-wrapper (4) cards duplicated for seamless loop (5) Row 1 scrolls left, Row 2 scrolls right (6) prefers-reduced-motion support - view:cache + build success (CSS 79KB JS 84KB)"
025,FAQ visual improvement,"sections/faq.blade.php",done,"3 changes: (1) max-w-3xl→max-w-4xl wider container (2) bg-surface/30 border border-surface-border/50 rounded-2xl background panel wrapping accordion (3) section-glow section-glow-tr + overflow-hidden ambient radial glow - view:cache + build success (CSS 79KB JS 84KB)"
026,Contrast WCAG AA fix,"sections/hero.blade.php sections/conversion.blade.php sections/why-choose-us.blade.php sections/testimonials.blade.php components/footer.blade.php",done,"25 instances text-gray-500→text-gray-400 for WCAG AA compliance (3.6:1→7.0:1 ratio): hero social proof labels (3), conversion steps+trust (4), why-choose-us chart label (1), testimonial roles (16), footer copyright (1). Kept 4 decorative CTA SVGs (WCAG exempt) - view:cache + build success (CSS 79KB JS 84KB)"
027,Micro-interactions polish,"resources/css/app.css sections/services.blade.php sections/hero.blade.php sections/cta.blade.php sections/conversion.blade.php",done,"4 enhancements: (1) .touch-card hover:scale(1.02) with smooth 0.2s transition (2) .touch-btn transition for transform+shadow+bg+opacity (3) service card SVG icons group-hover:text-brand-300 transition-colors (4) @keyframes cta-glow-breathe pulsing shadow on 3 primary CTAs + prefers-reduced-motion support - view:cache + build success (CSS 80KB JS 84KB)"
028,Premium radial glow arc,"resources/css/app.css sections/stats.blade.php",done,"Per Premium_Radial_Glow_Arc_Instruction.md: (1) .premium-glow-arc class with 4 concentric elliptical radial-gradients at bottom center (inner 0.35→mid 0.20→outer 0.10→edge 0.06 opacity) (2) width 140% height 500px offset -250px max-width 1600px (3) filter:blur(100px) for soft merge (4) @keyframes glow-arc-breathe 5s subtle opacity+scale(1.03) pulse (5) prefers-reduced-motion:animation none (6) applied to stats section behind SVG curves - view:cache + build success (CSS 81KB JS 84KB)"
029,Stats arc glow enhancement,"resources/css/app.css sections/stats.blade.php",done,"Enhanced per updated instruction (arc/glow only): (1) .stats-bg-radial deep navy radial-gradient(circle at 50% 30% #0f2b4d→#071426→#040b16) replacing linear bg (2) premium-glow-arc: blur 100→80px tighter glow + animation 5s→6s + opacity range 0.2↔0.35 + width 150% height 550px + inner glow 0.35 outer 0.20 per spec (3) SVG: viewBox 500→600 + container 110%→130% h-[50%]→h-[60%] + added curveBlur3 stdDeviation=12 + 4th gradient curveGradient4 + 4th outermost arc curve (4) All 4 curves now have glow halo + sharp core dual render (5) Stroke widths increased: 6/5/4/3 glow + 1.5/1/0.8 sharp (6) Top gradient div z-[1] for clean blend - view:cache + build success (CSS 80KB JS 84KB)"
030,Circular glow arc shape fix,resources/css/app.css,done,"Fix boxy/rectangular glow to circular: (1) border-radius: 50% on .premium-glow-arc for elliptical shape (2) adjusted bottom: -280px (3) width: 120% height: 600px max-width: 1400px (4) filter: blur(60px) tighter focus - view:cache + build success (CSS 80KB JS 84KB)"
031,EN/ID language toggle,"resources/js/app.js resources/views/components/navbar.blade.php resources/views/sections/hero.blade.php resources/views/sections/services.blade.php resources/views/sections/why-choose-us.blade.php resources/views/sections/stats.blade.php resources/views/sections/testimonials.blade.php resources/views/sections/faq.blade.php resources/views/sections/conversion.blade.php resources/views/sections/cta.blade.php resources/views/components/footer.blade.php",done,"Full i18n: (1) Alpine.store('lang') with localStorage persistence + isEn/isId getters + toggle() method (2) [ID|EN] toggle in navbar desktop+mobile (3) All 9 sections translated with x-text ternary expressions (4) Testimonials refactored from hardcoded HTML to PHP arrays+@foreach with bilingual quotes (5) FAQ refactored to PHP $faqs array+@foreach with bilingual Q&A (6) Conversion trust badges use x-show for ID/EN toggle (7) Footer columns+links translated - view:cache + build success (CSS 80KB JS 85KB)"
032,Fix missing hero+footer text from i18n,"resources/views/sections/hero.blade.php resources/views/components/footer.blade.php",done,"Root cause: x-text directives require parent x-data scope to be processed by Alpine.js. Hero section and footer had no x-data attribute — Alpine ignored all x-text bindings causing blank text. Fix: added x-data to hero <section> and footer <footer>. Audited all 8 other sections — all already had x-data. No regression - view:cache + build success (CSS 80KB JS 85KB)"
033,Dark/Light theme toggle,"resources/css/app.css resources/js/app.js resources/views/layouts/app.blade.php resources/views/components/navbar.blade.php",done,"CSS variable override approach — zero template rewrites: (1) :root.light block overrides all @theme custom properties (dark-*, surface-*, white, gray-*, brand-300/400, green-400) so every Tailwind utility auto-adapts (2) Alpine.store('theme') with localStorage persistence + classList.toggle('light') + meta theme-color update (3) FOUC prevention inline <script> in layout head applies .light class before first paint (4) Sun/moon icon toggle in navbar desktop+mobile (5) .light .cta-primary-glow forces white text on brand-bg buttons (6) .light .stats-bg-radial light blue radial gradient (7) Reduced glow/noise opacity in light mode - view:cache + build success (CSS 81KB JS 85KB)"
034,Light mode clean polish,"resources/css/app.css resources/views/sections/hero.blade.php resources/views/sections/stats.blade.php",done,"Root cause: dark-mode glow effects (radial arcs, section blobs, SVG neon curves, hero orbs, noise overlay, CTA shadow pulse) looked dirty/norak on white backgrounds — designed for dark only. Fix: (1) premium-glow-arc display:none (2) section-glow::before display:none (3) stats-curve-animated opacity:0 (4) hero-bg-orb display:none (5) body::after noise display:none (6) cta-primary-glow animation:none w/ subtle static shadow (7) stats-bg-radial pure #ffffff (8) hero-bg-gradient overridden to subtle #f0f7ff→white (9) stats-top-fade white→transparent (10) testimonial scroll fades hardcoded white. Added CSS hook classes hero-bg-orb, hero-bg-gradient, stats-top-fade to templates for targeting - view:cache + build success (CSS 82KB JS 85KB)"
035,Fix HTML lang sync + FOUC prevention,resources/views/layouts/app.blade.php,done,"Added inline script to sync document.documentElement.lang from localStorage('lang') before first paint, preventing lang mismatch on reload - view:cache + build success"
036,SEO meta tags complete,"resources/views/layouts/app.blade.php public/images/",done,"Added: canonical tag, og:image with size hints, og:locale + alternate, Twitter Card (summary_large_image) meta tags, created public/images/ dir for OG cover, optimized Google Fonts from 7 weights (300-900) to 4 weights (400-700) - view:cache + build success"
037,Schema markup JSON-LD,resources/views/layouts/app.blade.php,done,"2 structured data blocks: (1) ProfessionalService schema with name/description/address/geo/telephone/openingHours/aggregateRating/hasOfferCatalog with 6 services (2) FAQPage schema with 5 questions matching FAQ section content - view:cache + build success"
038,Portfolio section,"resources/views/sections/portfolio.blade.php resources/views/pages/home.blade.php",done,"New portfolio section: 6 project cards (2 E-Commerce + 2 Company Profile + 1 Landing Page + 1 Web App) with CSS-only mockup thumbnails, filter tabs (All/Company Profile/E-Commerce/Landing Page/Web App) using Alpine x-show, tech stack tags, hover overlay. Inserted between services and why-choose-us. Fixes dead #portfolio navbar link - view:cache + build success"
039,Pricing section,"resources/views/sections/pricing.blade.php resources/views/pages/home.blade.php resources/views/components/navbar.blade.php",done,"3-tier pricing: Starter (3.5M), Professional (8.5M, popular badge), Enterprise (25M). Feature checklists with green check SVGs. Professional has brand border + shadow + glow CTA. Added #pricing to navbar desktop+mobile. Guarantee note at bottom. Inserted between stats and testimonials - view:cache + build success"
040,Lead capture form,resources/views/sections/cta.blade.php,done,"Replaced network illustration with contact form: name/email/phone/service select/message fields. Form submits via WA deep link with form data. Success state with green checkmark. Left side now has contact info (email/WA/location). Alpine x-data manages form state. dataLayer tracking on submit - view:cache + build success"
041,Client logo trust bar,"resources/views/sections/clients.blade.php resources/views/pages/home.blade.php",done,"New client logos marquee section: 8 company logos (matching testimonial companies) with icon+text, auto-scrolling marquee reusing existing CSS, opacity 40%→70% on hover. Inserted between hero and services - view:cache + build success"
042,Light mode polish,resources/css/app.css,done,"Enhanced light mode: (1) subtle card shadows (box-shadow) (2) hover shadow elevation (3) pricing popular card shadow (4) softer section dividers (5) form input light styles (bg/border/text) (6) navbar glass effect (white/92% + blur + bottom border) (7) select dropdown bg (8) gradient text visibility fix - view:cache + build success"
043,Realistic stats numbers,"resources/views/sections/hero.blade.php resources/views/sections/stats.blade.php",done,"Changed 150→147 for more credible odd number (psychological trust). Kept 98% and 4.97 (already odd/specific). Updated both hero social proof and stats counter target - view:cache + build success"
044,GTM + dataLayer events,"resources/views/layouts/app.blade.php resources/js/app.js",done,"(1) GTM container script in head + noscript after body (placeholder GTM-XXXXXXX) (2) dataLayer initialized (3) CTA click tracking in app.js: delegated click listener on wa.me links, submit buttons, #contact links pushes cta_click event with text/url/location - view:cache + build success"
045,Cookie consent banner,resources/views/layouts/app.blade.php,done,"GDPR-lite cookie banner: fixed bottom, Alpine x-data with localStorage check, bilingual text (EN/ID), Accept/Decline buttons storing preference to localStorage, slide-up transition, z-50, bg-surface card with border and shadow - view:cache + build success"
046,Sitemap + robots.txt,"routes/web.php public/robots.txt",done,"(1) Dynamic sitemap.xml route returning XML response with homepage URL + lastmod + weekly changefreq + priority 1.0 (2) Updated robots.txt with Allow:/ and Sitemap directive pointing to production URL - view:cache + build success"
047,Font weight optimize,resources/views/layouts/app.blade.php,done,"Trimmed Google Fonts Inter from 7 weights (300;400;500;600;700;800;900) to 4 weights (400;500;600;700). Saves ~40KB font download. Completed as part of P036 - verified no templates use fw-300/800/900"
048,Fix dead footer links,resources/views/components/footer.blade.php,done,"Removed 4 dead links (Karir/#, Budaya Kerja/#, Blog/#, Panduan/#). Replaced with working section anchors: Services→#services, Portfolio→#portfolio, Pricing→#pricing. All footer links now point to real sections - view:cache + build success"
049,Sticky WhatsApp button,resources/views/layouts/app.blade.php,done,"Floating WA button: fixed bottom-6 right-6 z-40, 56px green circle with WA icon, hover:scale-110 + shadow elevation, dataLayer push on click (wa_float_click event). Always visible as secondary conversion path - view:cache + build success"
050,Final build + verify,all files,done,"Full build verified: php artisan view:cache SUCCESS + npm run build SUCCESS (CSS 90KB JS 85KB). 16 patches (035-050) covering: lang sync, SEO meta, Schema markup, portfolio section, pricing section, lead form, client logos, light mode polish, stats numbers, GTM/dataLayer, cookie consent, sitemap, font optimize, footer fix, sticky WA, final verify"
051,Fix Blade @context parse error,resources/views/layouts/app.blade.php,done,"Root cause: Blade interprets @context in JSON-LD as @context directive (Laravel 12). Generated unclosed if(context()->has()) PHP block. Fix: escape @context→@@context and @type→@@type in both ProfessionalService + FAQPage JSON-LD blocks. Verified: view renders 170844 bytes + view:cache SUCCESS"
052,Database migrations,"database/migrations/2026_02_28_000001-5*.php",done,"5 tables: portfolios (title/category/desc bilingual/tech_stack JSON/image/url/sort/active), pricing_packages (name/subtitle/price/features bilingual JSON/cta/wa_message/popular/sort/active), testimonials (name/position bilingual/company/content bilingual/avatar/rating/sort/active), contacts (name/email/phone/service/message/status enum/notes), site_settings (key unique/value/group/type/label). All migrations run via php artisan migrate"
053,Eloquent models,"app/Models/Portfolio.php PricingPackage.php Testimonial.php Contact.php SiteSetting.php",done,"5 models with fillable/casts (JSON arrays+booleans+decimals), scopes (active/ordered/new/latest). SiteSetting: static getValue/setValue/getGrouped/clearCache with Cache::remember 1hr"
054,Auth + Admin controllers + routes,"app/Http/Controllers/Admin/*.php app/Http/Controllers/HomeController.php routes/web.php",done,"7 admin controllers (Auth/Dashboard/Portfolio/Pricing/Testimonial/Contact/SiteSetting) + HomeController. Full CRUD with image upload (portfolios/avatars disks), contact status management, session auth. 36 routes total registered"
055,Admin layout,resources/views/admin/layouts/app.blade.php,done,"Responsive sidebar (mobile overlay + desktop static), nav links with SVG icons + active state, contact badge count, user info with logout, top bar with hamburger + View Site link, flash messages (success/error)"
056,Dashboard view,resources/views/admin/dashboard.blade.php,done,"4 stat cards (portfolios/pricing/testimonials/contacts) with SVG icons + colored accents, recent contacts list with status badges"
057,Portfolio CRUD views,"resources/views/admin/portfolios/index.blade.php form.blade.php",done,"Table with sort/category/tech_stack/active columns + edit/delete. Form with all fields, image upload, bilingual descriptions, tech_stack comma-separated input"
058,Pricing CRUD views,"resources/views/admin/pricing/index.blade.php form.blade.php",done,"Table with name/price/popular/active. Form with bilingual features textareas (one per line), WA message field, is_popular toggle"
059,Testimonial CRUD views,"resources/views/admin/testimonials/index.blade.php form.blade.php",done,"Table with name/company/rating stars/active. Form with bilingual content, avatar upload, 1-5 star rating select"
060,Contact Inbox views,"resources/views/admin/contacts/index.blade.php show.blade.php",done,"Index with status filter tabs (All/New/Read/Replied/Archived), contact cards with badges + timestamps. Show with message body, status update form + notes, Reply via WA/Email buttons, delete action"
061,Site Settings + Ad Pixels view,resources/views/admin/settings/index.blade.php,done,"Grouped settings form: General (site_name/description), Contact (email/whatsapp/address), Social Media (instagram/linkedin/github/tiktok), Ads & Tracking (GTM ID/Google Ads ID+Label/Meta Pixel ID/TikTok Pixel ID), Custom Scripts (head/body). All read/save via SiteSetting model"
062,Database seeder,database/seeders/DatabaseSeeder.php,done,"Admin user (admin@sidodadidigital.com / admin123) + 16 default site_settings rows across general/contact/social/ads groups. updateOrCreate for idempotent re-seeding"
063,Frontend DB integration,app/Http/Controllers/HomeController.php,done,"HomeController now passes portfolios/packages/testimonials from DB + pixels array (gtm/google_ads/meta/tiktok/custom scripts) + contact info (whatsapp/email/address) to views"
064,Ad pixels in layout,resources/views/layouts/app.blade.php,done,"Dynamic pixel injection from SiteSetting: GTM (head+noscript), Google Ads (gtag.js), Meta/Facebook Pixel (fbevents.js+noscript img), TikTok Pixel (ttq). Custom head/body script slots. WA floating button uses dynamic whatsapp number. All conditional @if — no empty scripts when IDs blank"
065,Final admin panel verification,all admin files,done,"36 routes confirmed. Frontend 200 OK (170KB). Admin login 200 OK. DB seeded with admin user + 16 settings. Full admin panel: auth/dashboard/portfolio CRUD/pricing CRUD/testimonial CRUD/contact inbox/site settings with Meta+Google+TikTok ad pixel management"
